{
  "meta": {
    "config_path": "hf_configs/deepseek_v3.2_config.json",
    "device_type": "H800",
    "world_size": 32,
    "num_nodes": 4,
    "max_prefill_tokens": 16384,
    "decode_bs": null,
    "target_tgs": 2560.0,
    "target_tpot_ms": 50.0,
    "target_isl": 4096,
    "target_osl": 1786,
    "use_fp8_gemm": true,
    "use_fp8_kv": false,
    "enable_deepep": true,
    "enable_tbo": true,
    "sm_ratio": 0.8181818181818182,
    "prefill_only": true,
    "decode_only": false
  },
  "model": {
    "attn_type": "MLA",
    "model_name": "DeepseekV32ForCausalLM",
    "is_hybrid_linear": false
  },
  "weights": {
    "attn_params_mb": 178.0,
    "expert_params_mb": 42.0,
    "params_per_gpu_gb": 33.12109375,
    "kvcache_budget_gb": 26.87890625
  },
  "kvcache": {
    "kvcache_budget_gb": 26.87890625,
    "input_seq_len": 4096,
    "output_seq_len": 1786,
    "context_len": 5882,
    "target_decode_bs": 128,
    "target_per_token_kv_kb": 37.43488609316559,
    "current_per_token_kv_kb": 76.3095703125,
    "kvcache_bytes_per_token": 70272,
    "indexer_kvcache_bytes_per_token": 7869,
    "budget_ok": false
  },
  "flops": {
    "num_hidden_layers": 61,
    "avg_context_len": 9085,
    "per_token_per_layer_gflops": {
      "attn_core": 2.53042688,
      "moe_ffn": 0.792723456,
      "others": 0.37421056
    },
    "per_token_gflops": {
      "attn_core": 154.35603967999998,
      "moe_ffn": 48.356130816000004,
      "others": 22.82684416,
      "total": 225.53901465599998
    }
  },
  "prefill": {
    "max_prefill_tokens": 16384,
    "num_tokens": 32768,
    "breakdown": {
      "attn_core_ms": 420.3459800215754,
      "indexer_core_ms": 8.241195307702995,
      "attn_other_ms": 275.2034035497461,
      "moe_ms": 525.5059015818433,
      "shared_expert_ms": 61.32517740046092,
      "comm_before_us": 8886.71875,
      "comm_after_us": 17773.4375,
      "kv_load_ms": 0.09769183901239067,
      "indexer_kv_load_ms": 0.010939450722741663
    },
    "enable_tbo": true,
    "sm_ratio": 0.8181818181818182,
    "ttft_ms": 3806.003561847646,
    "tgs_tok_per_gpu_s": 8609.555789299522
  },
  "decode": null
}